Generation, Best Fitness, Average Fitness, Average Size
0, -0, 2786355.696202532, 4.66
1, -0, 402251.39240506326, 4.88
